No,タイトル,クレジット(本人部分),監督,アニメーション,編集,イラスト,メモ
1,GRe4N BOYZ「ウタウタイタイ」Album Sampler,Movie: あーきとれーぶ,,,〇,,要確認
2,ヤマモトガク「天国の作り方」MV,Movie: あーきとれーぶ,〇,,〇,,要確認
3,kiyu「ジュリエット」Official Music Video,"Movie: あーきとれーぶ / Animation: 夕浪かもめ, あーきとれーぶ",,,〇,,要確認
4,エンドロール - クワガタP feat. 重音テト,Movie & Illustration: あーきとれーぶ,〇,〇,〇,〇,要確認
5,ねむ「当たり前の終止符」Music Video,Movie & Animation: あーきとれーぶ,,〇,〇,,要確認
6,GRe4N BOYZ ショート動画「ピポ」,Movie: あーきとれーぶ,,,〇,,要確認
7,メタリックセイメイ「夏のカレンダー」Music Video,Illustration & Movie: あーきとれーぶ,〇,〇,〇,〇,要確認
8,「まいっちゃう」MASA×都鳥-TOTORI-×あーきとれーぶ(アトリエプロジェクト),Movie: あーきとれーぶ,〇,,〇,,要確認
9,GRe4N BOYZ ショート動画「U R not alone」,Movie: あーきとれーぶ,,,〇,,要確認
10,宇宙パイロット「トワレ」OFFICIAL MUSIC VIDEO,Illust & Movie: あーきとれーぶ,〇,〇,〇,〇,要確認
11,GREEEEN / TO ALL SPORTS LOVERS　アルバムショート動画,Movie: あーきとれーぶ,,,〇,,要確認
12,FMV３クスッギフト　3月配信映像　【ディレクション】,Movie Editing: あーきとれーぶ,,,〇,,
13,監督したアニメがファミマで見れます！,Movie Editing: あーきとれーぶ,〇,,〇,,
14,GRE4N BOYZ / 「星の詩」LYRIC VIDEO,Lyric Video: あーきとれーぶ,〇,,〇,,要確認
15,GRe4N BOYZ ショート動画「Ito」,Movie: あーきとれーぶ,,,〇,,要確認
16,GRe4N BOYZ ショート動画「碧し」,Movie: あーきとれーぶ,,,〇,,要確認
17,ファントム - 重音テト×mai,Movie: あーきとれーぶ,,,〇,,要確認
18,眉村ちあき「THEスーパーグルグルフィジカルジンジャーエール」MV,Artwork & Movie: あーきとれーぶ,〇,〇,〇,〇,要確認
19,「不協和音」szri×ハツミノ×あーきとれーぶ（アトリエプロジェクト）,Movie: あーきとれーぶ,〇,,〇,,要確認
20,「アメージング・グレイス」RIP DISHONOR（アトリエプロジェクト）,Movie: あーきとれーぶ,〇,,〇,,要確認
21,GRe4N BOYZ ショート動画「グルグルブンブン」,Movie: あーきとれーぶ,,,〇,,要確認
22,遊遊 - Lullaby [Music Video Full Ver.],Movie Editing: あーきとれーぶ,〇,〇,〇,〇,
23,GRe4N BOYZ 4月1日18:00全国ツアー詳細発表＆ファンクラブOPEN,Movie: あーきとれーぶ,,,〇,,要確認
24,ころりんぱ - Synthesizer V AI miki公式デモソング,Movie: あーきとれーぶ,,,〇,,要確認
25,GRe4N BOYZ「スピード」Lyric Video,Lyric Video: あーきとれーぶ,,,〇,,要確認
26,Re:End「The Over」Lyric Video,MV: あーきとれーぶ,,,〇,,要確認
27,【MV】Wolf!?。/ aoru×A4。,Video: あーきとれーぶ,〇,〇,〇,〇,要確認
28,ヤマモトガク「最高傑作」MV,Movie: あーきとれーぶ,〇,〇,〇,〇,要確認
29,kiyu - Circus,Movie: あーきとれーぶ,,,〇,,要確認
30,温泉同好会presents 『足湯vol.6〜白昼夢〜』XFD【超ボーマス62】,Artwork: あーきとれーぶ,,,〇,〇,
31,この場所で / 甲斐田晴,"Movie: 都鳥-totori-, あーきとれーぶ",,,〇,,要確認
32,Mashoe - Crazy In The Rain (MUSIC VIDEO),Movie: あーきとれーぶ,,,〇,,要確認
33,ねむ「スターチス」Music Video,Editing: あーきとれーぶ,,,〇,,
34,KIBAKO - 心が 【Official Music Video】,Director: あーきとれーぶ,〇,,〇,,
35,『足湯 vol.5 〜夜想曲〜』 JKイラスト　XFD,Artwork: あーきとれーぶ,,,〇,〇,
36,kiyu - 妄想劣等症(笑)【Official Music Video】,Movie: あーきとれーぶ,,,〇,,要確認
37,ねむ 「きばる」Music Video,Animation: あーきとれーぶ,,,〇,,
38,GReeeeN / To all sports lovers　アルバムショート動画,Movie: あーきとれーぶ,,,〇,,要確認
39,惨月譚 | 骨丸 feat 重音テトSV & ナースロボ＿タイプＴ,Movie: あーきとれーぶ,〇,,〇,,要確認
40,GRe4N BOYZ ショート動画「戀」,Movie: あーきとれーぶ,,,〇,,要確認
41,GRe4N BOYZ ショート動画「劇伴」,Movie: あーきとれーぶ,,,〇,,要確認
42,GRe4N BOYZ ショート動画「SUPER DUPER」,Movie: あーきとれーぶ,,,〇,,要確認
43,軌道外より | 骨丸 feat.重音テトSV2,Movie: あーきとれーぶ,〇,〇,〇,〇,要確認
44,白神真志朗 ”ココデハナイドコカヘ” Music Video,Music Video: あーきとれーぶ,,,〇,,要確認
45,BASKETPROJECT Lock you na!!! - 【Official Music Video】,Movie: あーきとれーぶ,,,〇,,要確認
46,Mashoe - All I Need (Official Music Video),,,,〇,,要確認
47,スニーカーメモリーズ / 初音ミク,Movie: あーきとれーぶ,,,〇,,要確認
48,音楽なんてやらなきゃよかった feat. 初音ミク,Video: あーきとれーぶ,〇,〇,〇,〇,要確認
49,堀 雄貴「ハーデンベルギア (Male ver.)」[ORIGINAL MUSIC VIDEO],Movie: あーきとれーぶ,〇,〇,〇,〇,要確認
50,【オリジナルMV】Re-versible (F×F Ver),Movie: あーきとれーぶ,〇,,〇,,要確認
51,Offshore「Caprice」Official Music Video,Movie: あーきとれーぶ,〇,〇,〇,〇,要確認
52,ボカロP温泉同好会 presents『源泉掛け流しvol.1 〜花鳥風月〜』,Artwork: あーきとれーぶ,,,〇,〇,
53,しとろんPOP - shukapi,Movie: あーきとれーぶ,〇,〇,〇,〇,要確認
54,ささくれ / ふろた Official Music Video,Movie: あーきとれーぶ,,,〇,,要確認
55,レトロリロン 3rd EP『アナザーダイバーシティ』 -All Song Trailer,Movie Editing: あーきとれーぶ,,,〇,,
56,蛯名愛月『まいっか』[OFFICIAL MUSIC VIDEO],Illustration & Movie: あーきとれーぶ,〇,〇,〇,〇,要確認
57,GReeeeN / To all sports lovers　アルバムショート動画,Movie: あーきとれーぶ,,,〇,,要確認
58,GReeeeN / To all sports lovers　アルバムショート動画,Movie: あーきとれーぶ,,,〇,,要確認
59,レトロリロン - ワンタイムエピローグ(Official Audio),Movie Editing: あーきとれーぶ,,,〇,,
60,【温泉同好会】コンピレーションアルバム『足湯 Vol.4～氷霜～』XFD【ボーマス58】,Artwork: あーきとれーぶ,,,〇,〇,
61,心の雨に傘をさしてくれる人じゃなくて晴れにしてくれる人/。明日はきっと雨,MV: あーきとれーぶ,〇,,〇,〇,要確認
62,Re:End「心なんて」,MV: あーきとれーぶ,〇,,〇,,要確認
63,Tomy-想痛い(Omoitai)【Music Video】,Animation: あーきとれーぶ,〇,〇,〇,〇,
64,残夏 (re:colored) / 重音テトSV,Illustration & Movie: あーきとれーぶ,〇,,〇,〇,要確認
65,【温泉同好会】コンピレーションアルバム『相生/相剋』XFD【超ボーマス55】,Artwork: あーきとれーぶ,,,〇,〇,
66,MONSTRO / 鏡音リン,Movie: あーきとれーぶ,〇,,〇,,要確認
67,あいたいあの子に、あわせてあげる。 (COVER) / kodani asuka,Movie: あーきとれーぶ,,,〇,,要確認
68,きゅうくらりん (COVER) / 小谷あすか,Movie: あーきとれーぶ,,,〇,,要確認
69,教科書の捨て方(How to be an adult) - KinoLatin feat.それ故,Movie: あーきとれーぶ,〇,,〇,,要確認
70,ヤマモトガク　1st album「怪談」　アルバムクロスフェード,Movie: あーきとれーぶ,,,〇,,要確認
71,"seeeeecun feat. suisa, Shino 「オッドダンサー」 MV",Illustration & Movie: あーきとれーぶ,〇,,〇,〇,要確認
72,"「 花が咲いたことも 」 / SEE,桜餅ルナ feat.雨のち雨",Movie: あーきとれーぶ,〇,,〇,〇,要確認
73,シャーマン ‐ shukapi,Movie: あーきとれーぶ,〇,,〇,,要確認
74,【温泉同好会】コンピレーションアルバム『足湯 Vol.2～納涼～』XFD【ボーマス56】,Artwork: あーきとれーぶ,〇,,〇,〇,
75,Sohbana『伝播』＋吉乃,Illustration & Movie: あーきとれーぶ,〇,,〇,〇,要確認
76,ビィバップ - shukapi,Movie: あーきとれーぶ,〇,,〇,,要確認
77,よるのあと　アフターストーリー monogatary.comコラボコンテスト大賞作品アートムービー,Director: あーきとれーぶ (atelier project),〇,,〇,〇,
78,AMAKUSA DIARY,Animation & Movie: あーきとれーぶ,〇,,〇,,要確認
79,ワカラナイワ / IA,Movie: あーきとれーぶ,〇,〇,〇,,要確認
80,【MV】ROPE (feat.詩歩) - Mr.Morick+,Movie: あーきとれーぶ,〇,,〇,〇,要確認
81,Pulplant『人魚』Lyric Video Full ver.,Illust & Movie: あーきとれーぶ,〇,,〇,〇,要確認
82,ロストアンブレラ yuigot_Remix (COVER) / 小谷あすか,Movie: あーきとれーぶ,〇,,〇,,要確認
83,虹の向こうの世界／GUMI,Illustration & Movie: あーきとれーぶ,〇,,〇,〇,要確認
84,レイジー - shukapi,Movie: あーきとれーぶ,〇,,〇,,要確認
85,Pulplant『SHINKIROU』Lyric Video Full ver.,Illust & Movie: あーきとれーぶ,〇,,〇,〇,要確認
86,『Starlight』初音ミク / Milo,Movie: あーきとれーぶ,〇,,〇,〇,要確認
87,『再利用少女』初音ミク / Milo,Lyrics: Milo & あーきとれーぶ / Movie: あーきとれーぶ,〇,,〇,〇,要確認
88,Machine gun - Samuel Goldenberg,Movie: あーきとれーぶ,〇,,〇,〇,要確認
89,イタチゴッコ / IA,Movie: あーきとれーぶ,〇,〇,〇,〇,要確認
